"activity_b","activity_a","micromorts_a","category_a","hedgeable_pct_a","period_a","micromorts_b","category_b","hedgeable_pct_b","period_b","ratio","difficulty","answer","description_a","help_url_a","description_b","help_url_b"
"Airline pilot (annual radiation)","Walking (20 miles)",1,"Travel",0,"per trip",0.15,"Occupation",100,"per year",6.66666666666667,"easy","a","Pedestrian fatality risk from traffic collisions over a 20-mile walk.","https://en.wikipedia.org/wiki/Pedestrian","Cumulative cosmic radiation exposure from ~700 flight hours per year at altitude.","https://en.wikipedia.org/wiki/Airline_pilot"
"Airline pilot (annual radiation)","Living 2 months with a smoker",1,"Environment",0,"per 2 months",0.15,"Occupation",100,"per year",6.66666666666667,"easy","a","Secondhand smoke exposure increases cardiovascular and respiratory disease risk.","https://en.wikipedia.org/wiki/Passive_smoking","Cumulative cosmic radiation exposure from ~700 flight hours per year at altitude.","https://en.wikipedia.org/wiki/Airline_pilot"
"Airline pilot (annual radiation)","COVID-19 unvaccinated (age 18-49)",1,"COVID-19",0,"11 weeks (2022)",0.15,"Occupation",100,"per year",6.66666666666667,"easy","a","Young adult unvaccinated COVID-19 mortality was low but non-negligible.","https://www.cdc.gov/mmwr/volumes/72/wr/mm7206a3.htm","Cumulative cosmic radiation exposure from ~700 flight hours per year at altitude.","https://en.wikipedia.org/wiki/Airline_pilot"
"All US workers baseline (per work day)","Train (1000 miles)",1,"Travel",0,"per trip",0.15,"Occupation",0,"per day",6.66666666666667,"easy","a","Rail travel is one of the safest transport modes per mile.","https://en.wikipedia.org/wiki/Rail_transport","Average occupational fatality rate across all US industries; baseline for comparison.","https://www.bls.gov/iif/fatal-injuries-tables.htm"
"All US workers baseline (per work day)","Walking (20 miles)",1,"Travel",0,"per trip",0.15,"Occupation",0,"per day",6.66666666666667,"easy","a","Pedestrian fatality risk from traffic collisions over a 20-mile walk.","https://en.wikipedia.org/wiki/Pedestrian","Average occupational fatality rate across all US industries; baseline for comparison.","https://www.bls.gov/iif/fatal-injuries-tables.htm"
"All US workers baseline (per work day)","Driving (230 miles)",1,"Travel",0,"per trip",0.15,"Occupation",0,"per day",6.66666666666667,"easy","a","Traffic fatality risk for a typical 230-mile car journey.","https://en.wikipedia.org/wiki/Traffic_collision","Average occupational fatality rate across all US industries; baseline for comparison.","https://www.bls.gov/iif/fatal-injuries-tables.htm"
"Base jumping (per jump)","Matterhorn ascent",2840,"Mountaineering",0,"per ascent",430,"Sport",0,"per jump",6.6046511627907,"easy","a","One of the Alps' deadliest peaks due to rockfall, exposure, and technical climbing difficulty.","https://en.wikipedia.org/wiki/Matterhorn","Parachuting from fixed objects (buildings, cliffs) with minimal altitude for recovery.","https://en.wikipedia.org/wiki/BASE_jumping"
"Bee/wasp sting (general)","COVID-19 monovalent vaccine (age 18-49)",0.2,"COVID-19",0,"11 weeks (2022)",0.03,"Wildlife",100,"per sting",6.66666666666667,"easy","a","Young adult monovalent-vaccinated COVID-19 mortality was very low.","https://www.cdc.gov/mmwr/volumes/72/wr/mm7206a3.htm","Bee or wasp sting fatality risk for non-allergic individuals.","https://en.wikipedia.org/wiki/Bee_sting"
"COVID-19 bivalent booster (age 65-79)","American football",20,"Sport",0,"per game",3,"COVID-19",0,"11 weeks (2022)",6.66666666666667,"easy","a","Contact sport risk from traumatic injury including spinal and head trauma.","https://en.wikipedia.org/wiki/American_football","Bivalent-boosted 65-79 year-olds had lowest but still measurable COVID-19 risk.","https://www.cdc.gov/mmwr/volumes/72/wr/mm7206a3.htm"
"COVID-19 monovalent vaccine (age 50-64)","Ecstasy/MDMA (per dose)",13,"Drugs",0,"per dose",2,"COVID-19",0,"11 weeks (2022)",6.5,"easy","a","Risk from hyperthermia, serotonin syndrome, and contaminated supply.","https://en.wikipedia.org/wiki/MDMA","Monovalent-vaccinated 50-64 year-olds had low residual COVID-19 mortality.","https://www.cdc.gov/mmwr/volumes/72/wr/mm7206a3.htm"
"COVID-19 monovalent vaccine (all ages)","US military in Afghanistan (2010)",25,"Military",0,"per day",4,"COVID-19",0,"11 weeks (2022)",6.25,"easy","a","Daily risk during peak combat operations in Afghanistan's most dangerous year.","https://en.wikipedia.org/wiki/War_in_Afghanistan_(2001%E2%80%932021)","Population-average residual COVID-19 risk after monovalent vaccination.","https://www.cdc.gov/mmwr/volumes/72/wr/mm7206a3.htm"
"COVID-19 unvaccinated (age 65-79)","Living (one day, age 90)",463,"Daily Life",0,"per day",76,"COVID-19",0,"11 weeks (2022)",6.0921052631579,"easy","a","Daily background mortality risk at age 90 reflects accumulated physiological decline.","https://en.wikipedia.org/wiki/Mortality_rate","Unvaccinated 65-79 year-olds had substantially elevated COVID-19 mortality in 2022.","https://www.cdc.gov/mmwr/volumes/72/wr/mm7206a3.htm"
"Crossing a road","Commuting by car (30 min)",0.13,"Travel",0,"per trip",0.02,"Daily Life",0,"per event",6.5,"easy","a","Short car commute with crash risk from traffic collisions.","https://en.wikipedia.org/wiki/Traffic_collision","Pedestrian collision risk at a single road crossing.","https://en.wikipedia.org/wiki/Pedestrian"
"CT scan chest (radiation per scan)","COVID-19 monovalent vaccine (age 80+)",55,"COVID-19",0,"11 weeks (2022)",350,"Medical",0,"per event",6.36363636363636,"easy","b","Even with monovalent vaccination, elderly remained at elevated COVID-19 risk in 2022.","https://www.cdc.gov/mmwr/volumes/72/wr/mm7206a3.htm","Moderate radiation dose (~7 mSv) used for diagnosing pulmonary embolism, cancer, and trauma.","https://en.wikipedia.org/wiki/CT_scan"
"CT scan head (radiation per scan)","Living (one day, under age 1)",15,"Daily Life",0,"per day",100,"Medical",0,"per event",6.66666666666667,"easy","b","Infant mortality from congenital conditions, SIDS, and birth complications.","https://en.wikipedia.org/wiki/Infant_mortality","Low-moderate radiation dose (~2 mSv) for neurological imaging.","https://en.wikipedia.org/wiki/CT_scan"
"Dog bite (US)","Walking (20 miles)",1,"Travel",0,"per trip",6.7,"Wildlife",100,"per bite",6.7,"easy","b","Pedestrian fatality risk from traffic collisions over a 20-mile walk.","https://en.wikipedia.org/wiki/Pedestrian","Dog bite fatality risk in a high-income setting with rabies PEP available.","https://en.wikipedia.org/wiki/Dog_bite"
"First day of life (newborn)","Matterhorn ascent",2840,"Mountaineering",0,"per ascent",430,"Daily Life",0,"per day",6.6046511627907,"easy","a","One of the Alps' deadliest peaks due to rockfall, exposure, and technical climbing difficulty.","https://en.wikipedia.org/wiki/Matterhorn","The first 24 hours carry elevated risk from birth complications and congenital conditions.","https://en.wikipedia.org/wiki/Neonatal_death"
"Flying (5h medium-haul)","American football",20,"Sport",0,"per game",3.25,"Travel",15.4,"per 5h flight",6.15384615384615,"easy","a","Contact sport risk from traumatic injury including spinal and head trauma.","https://en.wikipedia.org/wiki/American_football","Medium-haul flights add DVT risk as immobility exceeds the 4-hour threshold.","https://en.wikipedia.org/wiki/Aviation_safety"
"Flying (5h medium-haul)","COVID-19 unvaccinated (all ages)",20,"COVID-19",0,"11 weeks (2022)",3.25,"Travel",15.4,"per 5h flight",6.15384615384615,"easy","a","Population-average COVID-19 mortality risk for unvaccinated individuals in 2022.","https://www.cdc.gov/mmwr/volumes/72/wr/mm7206a3.htm","Medium-haul flights add DVT risk as immobility exceeds the 4-hour threshold.","https://en.wikipedia.org/wiki/Aviation_safety"
"Flying (5h medium-haul)","Horse riding",0.5,"Sport",0,"per ride",3.25,"Travel",15.4,"per 5h flight",6.5,"easy","b","Falls from horseback can cause traumatic brain and spinal injuries.","https://en.wikipedia.org/wiki/Equestrianism","Medium-haul flights add DVT risk as immobility exceeds the 4-hour threshold.","https://en.wikipedia.org/wiki/Aviation_safety"
"Flying (8h long-haul)","Eating 1000 bananas (radiation)",1,"Diet",0,"per event",6.3,"Travel",39.7,"per 8h flight",6.3,"easy","b","Cumulative potassium-40 radiation dose from 1000 bananas equals roughly 1 micromort.","https://en.wikipedia.org/wiki/Banana_equivalent_dose","Long-haul flights have significant DVT risk, especially for those with risk factors.","https://en.wikipedia.org/wiki/Economy_class_syndrome"
"Flying (8h long-haul)","COVID-19 unvaccinated (age 18-49)",1,"COVID-19",0,"11 weeks (2022)",6.3,"Travel",39.7,"per 8h flight",6.3,"easy","b","Young adult unvaccinated COVID-19 mortality was low but non-negligible.","https://www.cdc.gov/mmwr/volumes/72/wr/mm7206a3.htm","Long-haul flights have significant DVT risk, especially for those with risk factors.","https://en.wikipedia.org/wiki/Economy_class_syndrome"
"Flying (8h long-haul)","Living 2 months with a smoker",1,"Environment",0,"per 2 months",6.3,"Travel",39.7,"per 8h flight",6.3,"easy","b","Secondhand smoke exposure increases cardiovascular and respiratory disease risk.","https://en.wikipedia.org/wiki/Passive_smoking","Long-haul flights have significant DVT risk, especially for those with risk factors.","https://en.wikipedia.org/wiki/Economy_class_syndrome"
"Frequent executive flyer (annual cosmic)","COVID-19 unvaccinated (age 18-49)",1,"COVID-19",0,"11 weeks (2022)",0.15,"Travel",0,"per year",6.66666666666667,"easy","a","Young adult unvaccinated COVID-19 mortality was low but non-negligible.","https://www.cdc.gov/mmwr/volumes/72/wr/mm7206a3.htm","Heavy business travel (~150,000 miles/year) accumulates cosmic radiation dose.","https://en.wikipedia.org/wiki/Cosmic_ray"
"Frequent executive flyer (annual cosmic)","Living 2 months with a smoker",1,"Environment",0,"per 2 months",0.15,"Travel",0,"per year",6.66666666666667,"easy","a","Secondhand smoke exposure increases cardiovascular and respiratory disease risk.","https://en.wikipedia.org/wiki/Passive_smoking","Heavy business travel (~150,000 miles/year) accumulates cosmic radiation dose.","https://en.wikipedia.org/wiki/Cosmic_ray"
"Frequent executive flyer (annual cosmic)","Eating 1000 bananas (radiation)",1,"Diet",0,"per event",0.15,"Travel",0,"per year",6.66666666666667,"easy","a","Cumulative potassium-40 radiation dose from 1000 bananas equals roughly 1 micromort.","https://en.wikipedia.org/wiki/Banana_equivalent_dose","Heavy business travel (~150,000 miles/year) accumulates cosmic radiation dose.","https://en.wikipedia.org/wiki/Cosmic_ray"
"General anaesthesia (elective)","Ecstasy/MDMA (per dose)",13,"Drugs",0,"per dose",2,"Medical",0,"per event",6.5,"easy","a","Risk from hyperthermia, serotonin syndrome, and contaminated supply.","https://en.wikipedia.org/wiki/MDMA","Elective anaesthesia mortality varies ~100-fold by age: ~0.5 mm for under-60s to ~50 mm for 80+ (Lancet). Emergency anaesthesia is ~10 mm across all ages.","https://doi.org/10.1016/S0140-6736(02)11626-6"
"Hang gliding (per flight)","Living in NYC COVID-19 (Mar-May 2020)",50,"COVID-19",0,"per 8 weeks",8,"Sport",0,"per flight",6.25,"easy","a","New York City experienced extreme COVID-19 mortality during the initial wave.","https://en.wikipedia.org/wiki/COVID-19_pandemic_in_New_York_City","Unpowered flight with risk from turbulence, structural failure, and pilot error.","https://en.wikipedia.org/wiki/Hang_gliding"
"Living (one day, age 50)","US military in Afghanistan (2010)",25,"Military",0,"per day",4,"Daily Life",0,"per day",6.25,"easy","a","Daily risk during peak combat operations in Afghanistan's most dangerous year.","https://en.wikipedia.org/wiki/War_in_Afghanistan_(2001%E2%80%932021)","Daily mortality at age 50 is roughly 4x that of a 20-year-old.","https://en.wikipedia.org/wiki/Mortality_rate"
"Living (one day, age 90)","Matterhorn ascent",2840,"Mountaineering",0,"per ascent",463,"Daily Life",0,"per day",6.13390928725702,"easy","a","One of the Alps' deadliest peaks due to rockfall, exposure, and technical climbing difficulty.","https://en.wikipedia.org/wiki/Matterhorn","Daily background mortality risk at age 90 reflects accumulated physiological decline.","https://en.wikipedia.org/wiki/Mortality_rate"
"Logging (per work day)","Horse riding",0.5,"Sport",0,"per ride",3.3,"Occupation",0,"per day",6.6,"easy","b","Falls from horseback can cause traumatic brain and spinal injuries.","https://en.wikipedia.org/wiki/Equestrianism","Highest US occupational fatality rate; hazards include falling trees, chainsaw injuries, and terrain.","https://www.bls.gov/iif/fatal-injuries-tables.htm"
"Logging (per work day)","American football",20,"Sport",0,"per game",3.3,"Occupation",0,"per day",6.06060606060606,"easy","a","Contact sport risk from traumatic injury including spinal and head trauma.","https://en.wikipedia.org/wiki/American_football","Highest US occupational fatality rate; hazards include falling trees, chainsaw injuries, and terrain.","https://www.bls.gov/iif/fatal-injuries-tables.htm"
"Logging (per work day)","COVID-19 unvaccinated (all ages)",20,"COVID-19",0,"11 weeks (2022)",3.3,"Occupation",0,"per day",6.06060606060606,"easy","a","Population-average COVID-19 mortality risk for unvaccinated individuals in 2022.","https://www.cdc.gov/mmwr/volumes/72/wr/mm7206a3.htm","Highest US occupational fatality rate; hazards include falling trees, chainsaw injuries, and terrain.","https://www.bls.gov/iif/fatal-injuries-tables.htm"
"Mining (per work day)","Living (one day, age 45)",6,"Daily Life",0,"per day",0.9,"Occupation",0,"per day",6.66666666666667,"easy","a","Daily background mortality at age 45 reflects middle-age cardiovascular and cancer risk.","https://en.wikipedia.org/wiki/Mortality_rate","Roof collapse, gas explosion, and heavy equipment hazards in underground and surface mining.","https://www.bls.gov/iif/fatal-injuries-tables.htm"
"Night in hospital","Living in US during COVID-19 (Jul 2020)",500,"COVID-19",0,"per month",75,"Medical",0,"per night",6.66666666666667,"easy","a","Peak US COVID-19 mortality before vaccines were available.","https://en.wikipedia.org/wiki/COVID-19_pandemic_in_the_United_States","Hospital stays carry risk from medical errors, hospital-acquired infections, and underlying illness severity.","https://en.wikipedia.org/wiki/Hospital-acquired_infection"
"Night in hospital","Living (one day, age 90)",463,"Daily Life",0,"per day",75,"Medical",0,"per night",6.17333333333333,"easy","a","Daily background mortality risk at age 90 reflects accumulated physiological decline.","https://en.wikipedia.org/wiki/Mortality_rate","Hospital stays carry risk from medical errors, hospital-acquired infections, and underlying illness severity.","https://en.wikipedia.org/wiki/Hospital-acquired_infection"
"Normal background radiation","US military in Afghanistan (2010)",25,"Military",0,"per day",155.5,"Environment",0,"per year",6.22,"easy","b","Daily risk during peak combat operations in Afghanistan's most dangerous year.","https://en.wikipedia.org/wiki/War_in_Afghanistan_(2001%E2%80%932021)","Average annual radiation dose from natural sources (radon, cosmic, internal, terrestrial).","https://en.wikipedia.org/wiki/Background_radiation"
"Rock climbing (per day)","COVID-19 unvaccinated (all ages)",20,"COVID-19",0,"11 weeks (2022)",3,"Sport",0,"per day",6.66666666666667,"easy","a","Population-average COVID-19 mortality risk for unvaccinated individuals in 2022.","https://www.cdc.gov/mmwr/volumes/72/wr/mm7206a3.htm","Risk from falls, rockfall, and equipment failure on natural rock. Per full day of climbing.","https://en.wikipedia.org/wiki/Rock_climbing"
"Roofing (per work day)","Swimming",12,"Sport",0,"per swim",1.9,"Occupation",0,"per day",6.31578947368421,"easy","a","Drowning risk per swim session, higher for open water and unsupervised settings.","https://en.wikipedia.org/wiki/Drowning","Falls from height are the primary cause of roofing fatalities.","https://www.bls.gov/iif/fatal-injuries-tables.htm"
"Skydiving (UK)","Living in NYC COVID-19 (Mar-May 2020)",50,"COVID-19",0,"per 8 weeks",8,"Sport",0,"per event",6.25,"easy","a","New York City experienced extreme COVID-19 mortality during the initial wave.","https://en.wikipedia.org/wiki/COVID-19_pandemic_in_New_York_City","UK skydiving fatality rate based on British Parachute Association data.","https://en.wikipedia.org/wiki/Skydiving"
"Skydiving (US)","Living in NYC COVID-19 (Mar-May 2020)",50,"COVID-19",0,"per 8 weeks",8,"Sport",0,"per event",6.25,"easy","a","New York City experienced extreme COVID-19 mortality during the initial wave.","https://en.wikipedia.org/wiki/COVID-19_pandemic_in_New_York_City","US skydiving fatality rate based on USPA incident reports.","https://en.wikipedia.org/wiki/Skydiving"
"Structural iron/steel work (per work day)","General anesthesia (emergency)",10,"Medical",0,"per event",1.5,"Occupation",0,"per day",6.66666666666667,"easy","a","Emergency anesthesia carries higher risk than elective due to patient instability.","https://en.wikipedia.org/wiki/General_anaesthesia","Working at height on building frames with fall and struck-by hazards.","https://www.bls.gov/iif/fatal-injuries-tables.htm"
"Structural iron/steel work (per work day)","Skydiving (per jump)",10,"Sport",0,"per jump",1.5,"Occupation",0,"per day",6.66666666666667,"easy","a","Risk from parachute malfunction, mid-air collision, and landing errors.","https://en.wikipedia.org/wiki/Skydiving","Working at height on building frames with fall and struck-by hazards.","https://www.bls.gov/iif/fatal-injuries-tables.htm"
"Structural iron/steel work (per work day)","Motorcycling (60 miles)",10,"Travel",0,"per trip",1.5,"Occupation",0,"per day",6.66666666666667,"easy","a","Per-mile fatality rate roughly 30x higher than car travel due to exposure and instability.","https://en.wikipedia.org/wiki/Motorcycle_safety","Working at height on building frames with fall and struck-by hazards.","https://www.bls.gov/iif/fatal-injuries-tables.htm"
"Swimming","COVID-19 unvaccinated (age 65-79)",76,"COVID-19",0,"11 weeks (2022)",12,"Sport",0,"per swim",6.33333333333333,"easy","a","Unvaccinated 65-79 year-olds had substantially elevated COVID-19 mortality in 2022.","https://www.cdc.gov/mmwr/volumes/72/wr/mm7206a3.htm","Drowning risk per swim session, higher for open water and unsupervised settings.","https://en.wikipedia.org/wiki/Drowning"
"Swimming","Night in hospital",75,"Medical",0,"per night",12,"Sport",0,"per swim",6.25,"easy","a","Hospital stays carry risk from medical errors, hospital-acquired infections, and underlying illness severity.","https://en.wikipedia.org/wiki/Hospital-acquired_infection","Drowning risk per swim session, higher for open water and unsupervised settings.","https://en.wikipedia.org/wiki/Drowning"
"Truck driving (per work day)","COVID-19 unvaccinated (age 50-64)",8,"COVID-19",0,"11 weeks (2022)",1.2,"Occupation",0,"per day",6.66666666666667,"easy","a","Unvaccinated 50-64 year-olds had moderately elevated COVID-19 mortality.","https://www.cdc.gov/mmwr/volumes/72/wr/mm7206a3.htm","Long hours and highway driving make truck driving a high-fatality occupation by total deaths.","https://www.bls.gov/iif/fatal-injuries-tables.htm"
"Truck driving (per work day)","Skydiving (US)",8,"Sport",0,"per event",1.2,"Occupation",0,"per day",6.66666666666667,"easy","a","US skydiving fatality rate based on USPA incident reports.","https://en.wikipedia.org/wiki/Skydiving","Long hours and highway driving make truck driving a high-fatality occupation by total deaths.","https://www.bls.gov/iif/fatal-injuries-tables.htm"
"Truck driving (per work day)","Skydiving (UK)",8,"Sport",0,"per event",1.2,"Occupation",0,"per day",6.66666666666667,"easy","a","UK skydiving fatality rate based on British Parachute Association data.","https://en.wikipedia.org/wiki/Skydiving","Long hours and highway driving make truck driving a high-fatality occupation by total deaths.","https://www.bls.gov/iif/fatal-injuries-tables.htm"
"Working in an office (8 hours)","COVID-19 monovalent vaccine (age 18-49)",0.2,"COVID-19",0,"11 weeks (2022)",0.03,"Daily Life",0,"per day",6.66666666666667,"easy","a","Young adult monovalent-vaccinated COVID-19 mortality was very low.","https://www.cdc.gov/mmwr/volumes/72/wr/mm7206a3.htm","Background mortality rate during sedentary office work.","https://en.wikipedia.org/wiki/Mortality_rate"
"Airline pilot (annual radiation)","Horse riding",0.5,"Sport",0,"per ride",0.15,"Occupation",100,"per year",3.33333333333333,"medium","a","Falls from horseback can cause traumatic brain and spinal injuries.","https://en.wikipedia.org/wiki/Equestrianism","Cumulative cosmic radiation exposure from ~700 flight hours per year at altitude.","https://en.wikipedia.org/wiki/Airline_pilot"
"All US workers baseline (per work day)","Horse riding",0.5,"Sport",0,"per ride",0.15,"Occupation",0,"per day",3.33333333333333,"medium","a","Falls from horseback can cause traumatic brain and spinal injuries.","https://en.wikipedia.org/wiki/Equestrianism","Average occupational fatality rate across all US industries; baseline for comparison.","https://www.bls.gov/iif/fatal-injuries-tables.htm"
"Annual tourist flyer (annual cosmic)","Crossing a road",0.02,"Daily Life",0,"per event",0.006,"Travel",0,"per year",3.33333333333333,"medium","a","Pedestrian collision risk at a single road crossing.","https://en.wikipedia.org/wiki/Pedestrian","Minimal cosmic radiation from occasional holiday flights (~6,000 miles/year).","https://en.wikipedia.org/wiki/Cosmic_ray"
"Bee/wasp sting (general)","Mammogram (radiation per scan)",0.1,"Medical",0,"per event",0.03,"Wildlife",100,"per sting",3.33333333333333,"medium","a","Very low radiation dose used for breast cancer screening; net benefit is strongly positive.","https://en.wikipedia.org/wiki/Mammography","Bee or wasp sting fatality risk for non-allergic individuals.","https://en.wikipedia.org/wiki/Bee_sting"
"COVID-19 bivalent booster (age 65-79)","Skydiving (per jump)",10,"Sport",0,"per jump",3,"COVID-19",0,"11 weeks (2022)",3.33333333333333,"medium","a","Risk from parachute malfunction, mid-air collision, and landing errors.","https://en.wikipedia.org/wiki/Skydiving","Bivalent-boosted 65-79 year-olds had lowest but still measurable COVID-19 risk.","https://www.cdc.gov/mmwr/volumes/72/wr/mm7206a3.htm"
"COVID-19 bivalent booster (age 65-79)","Motorcycling (60 miles)",10,"Travel",0,"per trip",3,"COVID-19",0,"11 weeks (2022)",3.33333333333333,"medium","a","Per-mile fatality rate roughly 30x higher than car travel due to exposure and instability.","https://en.wikipedia.org/wiki/Motorcycle_safety","Bivalent-boosted 65-79 year-olds had lowest but still measurable COVID-19 risk.","https://www.cdc.gov/mmwr/volumes/72/wr/mm7206a3.htm"
"COVID-19 bivalent booster (age 80+)","Night in hospital",75,"Medical",0,"per night",23,"COVID-19",0,"11 weeks (2022)",3.26086956521739,"medium","a","Hospital stays carry risk from medical errors, hospital-acquired infections, and underlying illness severity.","https://en.wikipedia.org/wiki/Hospital-acquired_infection","Bivalent-boosted elderly still faced elevated COVID-19 risk due to immunosenescence.","https://www.cdc.gov/mmwr/volumes/72/wr/mm7206a3.htm"
"COVID-19 monovalent vaccine (age 65-79)","Heroin use (per dose)",30,"Drugs",0,"per dose",9,"COVID-19",0,"11 weeks (2022)",3.33333333333333,"medium","a","Each dose carries risk of respiratory depression, overdose, and contaminated supply.","https://en.wikipedia.org/wiki/Heroin","Monovalent-vaccinated 65-79 year-olds had reduced but still notable COVID-19 risk.","https://www.cdc.gov/mmwr/volumes/72/wr/mm7206a3.htm"
"COVID-19 monovalent vaccine (age 80+)","Caesarean birth (mother)",170,"Medical",0,"per event",55,"COVID-19",0,"11 weeks (2022)",3.09090909090909,"medium","a","Major abdominal surgery carrying risks of hemorrhage, infection, and anesthesia complications.","https://en.wikipedia.org/wiki/Caesarean_section","Even with monovalent vaccination, elderly remained at elevated COVID-19 risk in 2022.","https://www.cdc.gov/mmwr/volumes/72/wr/mm7206a3.htm"
"COVID-19 monovalent vaccine (all ages)","Ecstasy/MDMA (per dose)",13,"Drugs",0,"per dose",4,"COVID-19",0,"11 weeks (2022)",3.25,"medium","a","Risk from hyperthermia, serotonin syndrome, and contaminated supply.","https://en.wikipedia.org/wiki/MDMA","Population-average residual COVID-19 risk after monovalent vaccination.","https://www.cdc.gov/mmwr/volumes/72/wr/mm7206a3.htm"
"CT scan chest (radiation per scan)","Living (one day, age 75)",105,"Daily Life",0,"per day",350,"Medical",0,"per event",3.33333333333333,"medium","b","Daily background mortality at age 75 is roughly 100x that of a 20-year-old.","https://en.wikipedia.org/wiki/Mortality_rate","Moderate radiation dose (~7 mSv) used for diagnosing pulmonary embolism, cancer, and trauma.","https://en.wikipedia.org/wiki/CT_scan"
"CT scan head (radiation per scan)","Heroin use (per dose)",30,"Drugs",0,"per dose",100,"Medical",0,"per event",3.33333333333333,"medium","b","Each dose carries risk of respiratory depression, overdose, and contaminated supply.","https://en.wikipedia.org/wiki/Heroin","Low-moderate radiation dose (~2 mSv) for neurological imaging.","https://en.wikipedia.org/wiki/CT_scan"
"Flying (5h medium-haul)","COVID-19 unvaccinated (age 18-49)",1,"COVID-19",0,"11 weeks (2022)",3.25,"Travel",15.4,"per 5h flight",3.25,"medium","b","Young adult unvaccinated COVID-19 mortality was low but non-negligible.","https://www.cdc.gov/mmwr/volumes/72/wr/mm7206a3.htm","Medium-haul flights add DVT risk as immobility exceeds the 4-hour threshold.","https://en.wikipedia.org/wiki/Aviation_safety"
"Flying (5h medium-haul)","Skydiving (per jump)",10,"Sport",0,"per jump",3.25,"Travel",15.4,"per 5h flight",3.07692307692308,"medium","a","Risk from parachute malfunction, mid-air collision, and landing errors.","https://en.wikipedia.org/wiki/Skydiving","Medium-haul flights add DVT risk as immobility exceeds the 4-hour threshold.","https://en.wikipedia.org/wiki/Aviation_safety"
"Flying (5h medium-haul)","General anesthesia (emergency)",10,"Medical",0,"per event",3.25,"Travel",15.4,"per 5h flight",3.07692307692308,"medium","a","Emergency anesthesia carries higher risk than elective due to patient instability.","https://en.wikipedia.org/wiki/General_anaesthesia","Medium-haul flights add DVT risk as immobility exceeds the 4-hour threshold.","https://en.wikipedia.org/wiki/Aviation_safety"
"Flying (8h long-haul)","COVID-19 unvaccinated (all ages)",20,"COVID-19",0,"11 weeks (2022)",6.3,"Travel",39.7,"per 8h flight",3.17460317460317,"medium","a","Population-average COVID-19 mortality risk for unvaccinated individuals in 2022.","https://www.cdc.gov/mmwr/volumes/72/wr/mm7206a3.htm","Long-haul flights have significant DVT risk, especially for those with risk factors.","https://en.wikipedia.org/wiki/Economy_class_syndrome"
"Flying (8h long-haul)","COVID-19 monovalent vaccine (age 50-64)",2,"COVID-19",0,"11 weeks (2022)",6.3,"Travel",39.7,"per 8h flight",3.15,"medium","b","Monovalent-vaccinated 50-64 year-olds had low residual COVID-19 mortality.","https://www.cdc.gov/mmwr/volumes/72/wr/mm7206a3.htm","Long-haul flights have significant DVT risk, especially for those with risk factors.","https://en.wikipedia.org/wiki/Economy_class_syndrome"
"Frequent executive flyer (annual cosmic)","Horse riding",0.5,"Sport",0,"per ride",0.15,"Travel",0,"per year",3.33333333333333,"medium","a","Falls from horseback can cause traumatic brain and spinal injuries.","https://en.wikipedia.org/wiki/Equestrianism","Heavy business travel (~150,000 miles/year) accumulates cosmic radiation dose.","https://en.wikipedia.org/wiki/Cosmic_ray"
"General anaesthesia (elective)","Flying (8h long-haul)",6.3,"Travel",39.7,"per 8h flight",2,"Medical",0,"per event",3.15,"medium","a","Long-haul flights have significant DVT risk, especially for those with risk factors.","https://en.wikipedia.org/wiki/Economy_class_syndrome","Elective anaesthesia mortality varies ~100-fold by age: ~0.5 mm for under-60s to ~50 mm for 80+ (Lancet). Emergency anaesthesia is ~10 mm across all ages.","https://doi.org/10.1016/S0140-6736(02)11626-6"
"Living (one day, age 45)","American football",20,"Sport",0,"per game",6,"Daily Life",0,"per day",3.33333333333333,"medium","a","Contact sport risk from traumatic injury including spinal and head trauma.","https://en.wikipedia.org/wiki/American_football","Daily background mortality at age 45 reflects middle-age cardiovascular and cancer risk.","https://en.wikipedia.org/wiki/Mortality_rate"
"Living (one day, age 45)","COVID-19 unvaccinated (all ages)",20,"COVID-19",0,"11 weeks (2022)",6,"Daily Life",0,"per day",3.33333333333333,"medium","a","Population-average COVID-19 mortality risk for unvaccinated individuals in 2022.","https://www.cdc.gov/mmwr/volumes/72/wr/mm7206a3.htm","Daily background mortality at age 45 reflects middle-age cardiovascular and cancer risk.","https://en.wikipedia.org/wiki/Mortality_rate"
"Living (one day, age 50)","Ecstasy/MDMA (per dose)",13,"Drugs",0,"per dose",4,"Daily Life",0,"per day",3.25,"medium","a","Risk from hyperthermia, serotonin syndrome, and contaminated supply.","https://en.wikipedia.org/wiki/MDMA","Daily mortality at age 50 is roughly 4x that of a 20-year-old.","https://en.wikipedia.org/wiki/Mortality_rate"
"Living (one day, under age 1)","Living in NYC COVID-19 (Mar-May 2020)",50,"COVID-19",0,"per 8 weeks",15,"Daily Life",0,"per day",3.33333333333333,"medium","a","New York City experienced extreme COVID-19 mortality during the initial wave.","https://en.wikipedia.org/wiki/COVID-19_pandemic_in_New_York_City","Infant mortality from congenital conditions, SIDS, and birth complications.","https://en.wikipedia.org/wiki/Infant_mortality"
"Living in NYC COVID-19 (Mar-May 2020)","Scuba diving, trained (yearly)",164,"Sport",0,"per year",50,"COVID-19",0,"per 8 weeks",3.28,"medium","a","Cumulative annual risk for trained divers from decompression sickness, drowning, and equipment failure.","https://en.wikipedia.org/wiki/Scuba_diving","New York City experienced extreme COVID-19 mortality during the initial wave.","https://en.wikipedia.org/wiki/COVID-19_pandemic_in_New_York_City"
"Logging (per work day)","Motorcycling (60 miles)",10,"Travel",0,"per trip",3.3,"Occupation",0,"per day",3.03030303030303,"medium","a","Per-mile fatality rate roughly 30x higher than car travel due to exposure and instability.","https://en.wikipedia.org/wiki/Motorcycle_safety","Highest US occupational fatality rate; hazards include falling trees, chainsaw injuries, and terrain.","https://www.bls.gov/iif/fatal-injuries-tables.htm"
"Logging (per work day)","Skydiving (per jump)",10,"Sport",0,"per jump",3.3,"Occupation",0,"per day",3.03030303030303,"medium","a","Risk from parachute malfunction, mid-air collision, and landing errors.","https://en.wikipedia.org/wiki/Skydiving","Highest US occupational fatality rate; hazards include falling trees, chainsaw injuries, and terrain.","https://www.bls.gov/iif/fatal-injuries-tables.htm"
"Logging (per work day)","General anesthesia (emergency)",10,"Medical",0,"per event",3.3,"Occupation",0,"per day",3.03030303030303,"medium","a","Emergency anesthesia carries higher risk than elective due to patient instability.","https://en.wikipedia.org/wiki/General_anaesthesia","Highest US occupational fatality rate; hazards include falling trees, chainsaw injuries, and terrain.","https://www.bls.gov/iif/fatal-injuries-tables.htm"
"Mining (per work day)","Rock climbing (per day)",3,"Sport",0,"per day",0.9,"Occupation",0,"per day",3.33333333333333,"medium","a","Risk from falls, rockfall, and equipment failure on natural rock. Per full day of climbing.","https://en.wikipedia.org/wiki/Rock_climbing","Roof collapse, gas explosion, and heavy equipment hazards in underground and surface mining.","https://www.bls.gov/iif/fatal-injuries-tables.htm"
"Mining (per work day)","COVID-19 bivalent booster (age 65-79)",3,"COVID-19",0,"11 weeks (2022)",0.9,"Occupation",0,"per day",3.33333333333333,"medium","a","Bivalent-boosted 65-79 year-olds had lowest but still measurable COVID-19 risk.","https://www.cdc.gov/mmwr/volumes/72/wr/mm7206a3.htm","Roof collapse, gas explosion, and heavy equipment hazards in underground and surface mining.","https://www.bls.gov/iif/fatal-injuries-tables.htm"
"Mining (per work day)","Barium enema (radiation per scan)",3,"Medical",0,"per event",0.9,"Occupation",0,"per day",3.33333333333333,"medium","a","Moderate radiation dose from fluoroscopic imaging of the large intestine.","https://en.wikipedia.org/wiki/Barium_enema","Roof collapse, gas explosion, and heavy equipment hazards in underground and surface mining.","https://www.bls.gov/iif/fatal-injuries-tables.htm"
"Night in hospital","COVID-19 unvaccinated (age 80+)",234,"COVID-19",0,"11 weeks (2022)",75,"Medical",0,"per night",3.12,"medium","a","Unvaccinated elderly face the highest COVID-19 mortality rates.","https://www.cdc.gov/mmwr/volumes/72/wr/mm7206a3.htm","Hospital stays carry risk from medical errors, hospital-acquired infections, and underlying illness severity.","https://en.wikipedia.org/wiki/Hospital-acquired_infection"
"Normal background radiation","Living in NYC COVID-19 (Mar-May 2020)",50,"COVID-19",0,"per 8 weeks",155.5,"Environment",0,"per year",3.11,"medium","b","New York City experienced extreme COVID-19 mortality during the initial wave.","https://en.wikipedia.org/wiki/COVID-19_pandemic_in_New_York_City","Average annual radiation dose from natural sources (radon, cosmic, internal, terrestrial).","https://en.wikipedia.org/wiki/Background_radiation"
"Normal background radiation","Living in US during COVID-19 (Jul 2020)",500,"COVID-19",0,"per month",155.5,"Environment",0,"per year",3.21543408360129,"medium","a","Peak US COVID-19 mortality before vaccines were available.","https://en.wikipedia.org/wiki/COVID-19_pandemic_in_the_United_States","Average annual radiation dose from natural sources (radon, cosmic, internal, terrestrial).","https://en.wikipedia.org/wiki/Background_radiation"
"Nuclear plant worker (annual radiation)","Working in an office (8 hours)",0.03,"Daily Life",0,"per day",0.1,"Occupation",100,"per year",3.33333333333333,"medium","b","Background mortality rate during sedentary office work.","https://en.wikipedia.org/wiki/Mortality_rate","Controlled occupational exposure within regulatory limits using dosimetry and shielding.","https://en.wikipedia.org/wiki/Nuclear_power_plant"
"Rock climbing (per day)","General anesthesia (emergency)",10,"Medical",0,"per event",3,"Sport",0,"per day",3.33333333333333,"medium","a","Emergency anesthesia carries higher risk than elective due to patient instability.","https://en.wikipedia.org/wiki/General_anaesthesia","Risk from falls, rockfall, and equipment failure on natural rock. Per full day of climbing.","https://en.wikipedia.org/wiki/Rock_climbing"
"Rock climbing (per day)","Motorcycling (60 miles)",10,"Travel",0,"per trip",3,"Sport",0,"per day",3.33333333333333,"medium","a","Per-mile fatality rate roughly 30x higher than car travel due to exposure and instability.","https://en.wikipedia.org/wiki/Motorcycle_safety","Risk from falls, rockfall, and equipment failure on natural rock. Per full day of climbing.","https://en.wikipedia.org/wiki/Rock_climbing"
"Roofing (per work day)","Living (one day, age 45)",6,"Daily Life",0,"per day",1.9,"Occupation",0,"per day",3.1578947368421,"medium","a","Daily background mortality at age 45 reflects middle-age cardiovascular and cancer risk.","https://en.wikipedia.org/wiki/Mortality_rate","Falls from height are the primary cause of roofing fatalities.","https://www.bls.gov/iif/fatal-injuries-tables.htm"
"Running a marathon","COVID-19 bivalent booster (age 80+)",23,"COVID-19",0,"11 weeks (2022)",7,"Sport",0,"per event",3.28571428571429,"medium","a","Bivalent-boosted elderly still faced elevated COVID-19 risk due to immunosenescence.","https://www.cdc.gov/mmwr/volumes/72/wr/mm7206a3.htm","Cardiac events during extreme endurance exercise, mainly in older or predisposed runners.","https://en.wikipedia.org/wiki/Marathon"
"Scuba diving, trained (yearly)","Living in US during COVID-19 (Jul 2020)",500,"COVID-19",0,"per month",164,"Sport",0,"per year",3.04878048780488,"medium","a","Peak US COVID-19 mortality before vaccines were available.","https://en.wikipedia.org/wiki/COVID-19_pandemic_in_the_United_States","Cumulative annual risk for trained divers from decompression sickness, drowning, and equipment failure.","https://en.wikipedia.org/wiki/Scuba_diving"
"Shark encounter (ocean swim)","COVID-19 monovalent vaccine (age 18-49)",0.2,"COVID-19",0,"11 weeks (2022)",0.06,"Wildlife",100,"per swim",3.33333333333333,"medium","a","Young adult monovalent-vaccinated COVID-19 mortality was very low.","https://www.cdc.gov/mmwr/volumes/72/wr/mm7206a3.htm","Shark attack fatality risk per ocean swim, based on ISAF incident data.","https://www.floridamuseum.ufl.edu/shark-attacks/"
"Skydiving (UK)","US military in Afghanistan (2010)",25,"Military",0,"per day",8,"Sport",0,"per event",3.125,"medium","a","Daily risk during peak combat operations in Afghanistan's most dangerous year.","https://en.wikipedia.org/wiki/War_in_Afghanistan_(2001%E2%80%932021)","UK skydiving fatality rate based on British Parachute Association data.","https://en.wikipedia.org/wiki/Skydiving"
"Skydiving (US)","US military in Afghanistan (2010)",25,"Military",0,"per day",8,"Sport",0,"per event",3.125,"medium","a","Daily risk during peak combat operations in Afghanistan's most dangerous year.","https://en.wikipedia.org/wiki/War_in_Afghanistan_(2001%E2%80%932021)","US skydiving fatality rate based on USPA incident reports.","https://en.wikipedia.org/wiki/Skydiving"
"Spanish flu infection","COVID-19 infection (unvaccinated)",10000,"COVID-19",0,"per infection",3000,"Disease",0,"per infection",3.33333333333333,"medium","a","Unvaccinated COVID-19 infection carries substantial mortality risk, especially for older adults.","https://en.wikipedia.org/wiki/COVID-19","The 1918 influenza pandemic killed an estimated 50-100 million people worldwide.","https://en.wikipedia.org/wiki/Spanish_flu"
"Structural iron/steel work (per work day)","Coronary angiogram (radiation per scan)",5,"Medical",0,"per event",1.5,"Occupation",0,"per day",3.33333333333333,"medium","a","Moderate radiation dose from fluoroscopy-guided cardiac catheterisation.","https://en.wikipedia.org/wiki/Coronary_catheterization","Working at height on building frames with fall and struck-by hazards.","https://www.bls.gov/iif/fatal-injuries-tables.htm"
"Structural iron/steel work (per work day)","Scuba diving, trained (per dive)",5,"Sport",0,"per dive",1.5,"Occupation",0,"per day",3.33333333333333,"medium","a","Single-dive risk for trained divers from decompression sickness and equipment failure.","https://en.wikipedia.org/wiki/Scuba_diving","Working at height on building frames with fall and struck-by hazards.","https://www.bls.gov/iif/fatal-injuries-tables.htm"
"Truck driving (per work day)","COVID-19 monovalent vaccine (all ages)",4,"COVID-19",0,"11 weeks (2022)",1.2,"Occupation",0,"per day",3.33333333333333,"medium","a","Population-average residual COVID-19 risk after monovalent vaccination.","https://www.cdc.gov/mmwr/volumes/72/wr/mm7206a3.htm","Long hours and highway driving make truck driving a high-fatality occupation by total deaths.","https://www.bls.gov/iif/fatal-injuries-tables.htm"
"Truck driving (per work day)","Living (one day, age 50)",4,"Daily Life",0,"per day",1.2,"Occupation",0,"per day",3.33333333333333,"medium","a","Daily mortality at age 50 is roughly 4x that of a 20-year-old.","https://en.wikipedia.org/wiki/Mortality_rate","Long hours and highway driving make truck driving a high-fatality occupation by total deaths.","https://www.bls.gov/iif/fatal-injuries-tables.htm"
"US military in Afghanistan (2010)","COVID-19 unvaccinated (age 65-79)",76,"COVID-19",0,"11 weeks (2022)",25,"Military",0,"per day",3.04,"medium","a","Unvaccinated 65-79 year-olds had substantially elevated COVID-19 mortality in 2022.","https://www.cdc.gov/mmwr/volumes/72/wr/mm7206a3.htm","Daily risk during peak combat operations in Afghanistan's most dangerous year.","https://en.wikipedia.org/wiki/War_in_Afghanistan_(2001%E2%80%932021)"
"Working in an office (8 hours)","Kangaroo encounter",0.1,"Wildlife",0,"per encounter",0.03,"Daily Life",0,"per day",3.33333333333333,"medium","a","Vehicle collisions with kangaroos cause fatalities in rural Australia.","https://en.wikipedia.org/wiki/Kangaroo","Background mortality rate during sedentary office work.","https://en.wikipedia.org/wiki/Mortality_rate"
"Working in an office (8 hours)","Mammogram (radiation per scan)",0.1,"Medical",0,"per event",0.03,"Daily Life",0,"per day",3.33333333333333,"medium","a","Very low radiation dose used for breast cancer screening; net benefit is strongly positive.","https://en.wikipedia.org/wiki/Mammography","Background mortality rate during sedentary office work.","https://en.wikipedia.org/wiki/Mortality_rate"
"Airline pilot (annual radiation)","Walking (1 trip, NYC)",0.09,"Travel",0,"per trip",0.15,"Occupation",100,"per year",1.66666666666667,"hard","b","Average pedestrian fatality risk per walking trip in New York City (~110 deaths/year, 41% of trips on foot). Outer boroughs have higher per-pedestrian risk than Times Square.","https://www.nature.com/articles/s44284-025-00383-y","Cumulative cosmic radiation exposure from ~700 flight hours per year at altitude.","https://en.wikipedia.org/wiki/Airline_pilot"
"All US workers baseline (per work day)","Walking (1 trip, NYC)",0.09,"Travel",0,"per trip",0.15,"Occupation",0,"per day",1.66666666666667,"hard","b","Average pedestrian fatality risk per walking trip in New York City (~110 deaths/year, 41% of trips on foot). Outer boroughs have higher per-pedestrian risk than Times Square.","https://www.nature.com/articles/s44284-025-00383-y","Average occupational fatality rate across all US industries; baseline for comparison.","https://www.bls.gov/iif/fatal-injuries-tables.htm"
"American football","Heroin use (per dose)",30,"Drugs",0,"per dose",20,"Sport",0,"per game",1.5,"hard","a","Each dose carries risk of respiratory depression, overdose, and contaminated supply.","https://en.wikipedia.org/wiki/Heroin","Contact sport risk from traumatic injury including spinal and head trauma.","https://en.wikipedia.org/wiki/American_football"
"Barium enema (radiation per scan)","COVID-19 monovalent vaccine (age 50-64)",2,"COVID-19",0,"11 weeks (2022)",3,"Medical",0,"per event",1.5,"hard","b","Monovalent-vaccinated 50-64 year-olds had low residual COVID-19 mortality.","https://www.cdc.gov/mmwr/volumes/72/wr/mm7206a3.htm","Moderate radiation dose from fluoroscopic imaging of the large intestine.","https://en.wikipedia.org/wiki/Barium_enema"
"Bed fall (per night)","Annual tourist flyer (annual cosmic)",0.006,"Travel",0,"per year",0.004,"Daily Life",0,"per night",1.5,"hard","a","Minimal cosmic radiation from occasional holiday flights (~6,000 miles/year).","https://en.wikipedia.org/wiki/Cosmic_ray","Falling out of bed kills ~450 Americans/year. Risk is massively age-dependent: 0.004 mm/night under 65 vs 10.2 mm/night for 85+ males (2,500-fold difference).","https://www.cdc.gov/nchs/products/databriefs/db532.htm"
"Bee/wasp sting (general)","Crossing a road",0.02,"Daily Life",0,"per event",0.03,"Wildlife",100,"per sting",1.5,"hard","b","Pedestrian collision risk at a single road crossing.","https://en.wikipedia.org/wiki/Pedestrian","Bee or wasp sting fatality risk for non-allergic individuals.","https://en.wikipedia.org/wiki/Bee_sting"
"Commercial fishing (per work day)","COVID-19 monovalent vaccine (age 50-64)",2,"COVID-19",0,"11 weeks (2022)",3,"Occupation",0,"per day",1.5,"hard","b","Monovalent-vaccinated 50-64 year-olds had low residual COVID-19 mortality.","https://www.cdc.gov/mmwr/volumes/72/wr/mm7206a3.htm","Extreme weather, vessel sinking, and deck machinery make fishing one of the deadliest occupations.","https://www.bls.gov/iif/fatal-injuries-tables.htm"
"Commuting by car (30 min)","COVID-19 monovalent vaccine (age 18-49)",0.2,"COVID-19",0,"11 weeks (2022)",0.13,"Travel",0,"per trip",1.53846153846154,"hard","a","Young adult monovalent-vaccinated COVID-19 mortality was very low.","https://www.cdc.gov/mmwr/volumes/72/wr/mm7206a3.htm","Short car commute with crash risk from traffic collisions.","https://en.wikipedia.org/wiki/Traffic_collision"
"Coronary angiogram (radiation per scan)","Flying (5h medium-haul)",3.25,"Travel",15.4,"per 5h flight",5,"Medical",0,"per event",1.53846153846154,"hard","b","Medium-haul flights add DVT risk as immobility exceeds the 4-hour threshold.","https://en.wikipedia.org/wiki/Aviation_safety","Moderate radiation dose from fluoroscopy-guided cardiac catheterisation.","https://en.wikipedia.org/wiki/Coronary_catheterization"
"Coronary angiogram (radiation per scan)","Skydiving (US)",8,"Sport",0,"per event",5,"Medical",0,"per event",1.6,"hard","a","US skydiving fatality rate based on USPA incident reports.","https://en.wikipedia.org/wiki/Skydiving","Moderate radiation dose from fluoroscopy-guided cardiac catheterisation.","https://en.wikipedia.org/wiki/Coronary_catheterization"
"COVID-19 monovalent vaccine (age 50-64)","Rock climbing (per day)",3,"Sport",0,"per day",2,"COVID-19",0,"11 weeks (2022)",1.5,"hard","a","Risk from falls, rockfall, and equipment failure on natural rock. Per full day of climbing.","https://en.wikipedia.org/wiki/Rock_climbing","Monovalent-vaccinated 50-64 year-olds had low residual COVID-19 mortality.","https://www.cdc.gov/mmwr/volumes/72/wr/mm7206a3.htm"
"COVID-19 monovalent vaccine (all ages)","Living (one day, age 45)",6,"Daily Life",0,"per day",4,"COVID-19",0,"11 weeks (2022)",1.5,"hard","a","Daily background mortality at age 45 reflects middle-age cardiovascular and cancer risk.","https://en.wikipedia.org/wiki/Mortality_rate","Population-average residual COVID-19 risk after monovalent vaccination.","https://www.cdc.gov/mmwr/volumes/72/wr/mm7206a3.htm"
"COVID-19 unvaccinated (age 50-64)","Swimming",12,"Sport",0,"per swim",8,"COVID-19",0,"11 weeks (2022)",1.5,"hard","a","Drowning risk per swim session, higher for open water and unsupervised settings.","https://en.wikipedia.org/wiki/Drowning","Unvaccinated 50-64 year-olds had moderately elevated COVID-19 mortality.","https://www.cdc.gov/mmwr/volumes/72/wr/mm7206a3.htm"
"COVID-19 unvaccinated (age 65-79)","Vaginal birth (mother)",120,"Medical",0,"per event",76,"COVID-19",0,"11 weeks (2022)",1.57894736842105,"hard","a","Maternal mortality risk from hemorrhage, infection, and eclampsia during vaginal delivery.","https://en.wikipedia.org/wiki/Maternal_death","Unvaccinated 65-79 year-olds had substantially elevated COVID-19 mortality in 2022.","https://www.cdc.gov/mmwr/volumes/72/wr/mm7206a3.htm"
"COVID-19 unvaccinated (all ages)","Heroin use (per dose)",30,"Drugs",0,"per dose",20,"COVID-19",0,"11 weeks (2022)",1.5,"hard","a","Each dose carries risk of respiratory depression, overdose, and contaminated supply.","https://en.wikipedia.org/wiki/Heroin","Population-average COVID-19 mortality risk for unvaccinated individuals in 2022.","https://www.cdc.gov/mmwr/volumes/72/wr/mm7206a3.htm"
"CT scan head (radiation per scan)","Scuba diving, trained (yearly)",164,"Sport",0,"per year",100,"Medical",0,"per event",1.64,"hard","a","Cumulative annual risk for trained divers from decompression sickness, drowning, and equipment failure.","https://en.wikipedia.org/wiki/Scuba_diving","Low-moderate radiation dose (~2 mSv) for neurological imaging.","https://en.wikipedia.org/wiki/CT_scan"
"Dog bite (US)","Flying (12h ultra-long-haul)",10.2,"Travel",49,"per 12h flight",6.7,"Wildlife",100,"per bite",1.52238805970149,"hard","a","Ultra-long-haul flights carry the highest DVT risk; compression socks can reduce it ~65%.","https://en.wikipedia.org/wiki/Economy_class_syndrome","Dog bite fatality risk in a high-income setting with rabies PEP available.","https://en.wikipedia.org/wiki/Dog_bite"
"Ecstasy/MDMA (per dose)","American football",20,"Sport",0,"per game",13,"Drugs",0,"per dose",1.53846153846154,"hard","a","Contact sport risk from traumatic injury including spinal and head trauma.","https://en.wikipedia.org/wiki/American_football","Risk from hyperthermia, serotonin syndrome, and contaminated supply.","https://en.wikipedia.org/wiki/MDMA"
"Ecstasy/MDMA (per dose)","COVID-19 unvaccinated (all ages)",20,"COVID-19",0,"11 weeks (2022)",13,"Drugs",0,"per dose",1.53846153846154,"hard","a","Population-average COVID-19 mortality risk for unvaccinated individuals in 2022.","https://www.cdc.gov/mmwr/volumes/72/wr/mm7206a3.htm","Risk from hyperthermia, serotonin syndrome, and contaminated supply.","https://en.wikipedia.org/wiki/MDMA"
"Flying (5h medium-haul)","Scuba diving, trained (per dive)",5,"Sport",0,"per dive",3.25,"Travel",15.4,"per 5h flight",1.53846153846154,"hard","a","Single-dive risk for trained divers from decompression sickness and equipment failure.","https://en.wikipedia.org/wiki/Scuba_diving","Medium-haul flights add DVT risk as immobility exceeds the 4-hour threshold.","https://en.wikipedia.org/wiki/Aviation_safety"
"Flying (8h long-haul)","COVID-19 monovalent vaccine (all ages)",4,"COVID-19",0,"11 weeks (2022)",6.3,"Travel",39.7,"per 8h flight",1.575,"hard","b","Population-average residual COVID-19 risk after monovalent vaccination.","https://www.cdc.gov/mmwr/volumes/72/wr/mm7206a3.htm","Long-haul flights have significant DVT risk, especially for those with risk factors.","https://en.wikipedia.org/wiki/Economy_class_syndrome"
"Flying (8h long-haul)","Living (one day, age 50)",4,"Daily Life",0,"per day",6.3,"Travel",39.7,"per 8h flight",1.575,"hard","b","Daily mortality at age 50 is roughly 4x that of a 20-year-old.","https://en.wikipedia.org/wiki/Mortality_rate","Long-haul flights have significant DVT risk, especially for those with risk factors.","https://en.wikipedia.org/wiki/Economy_class_syndrome"
"Flying (8h long-haul)","General anesthesia (emergency)",10,"Medical",0,"per event",6.3,"Travel",39.7,"per 8h flight",1.58730158730159,"hard","a","Emergency anesthesia carries higher risk than elective due to patient instability.","https://en.wikipedia.org/wiki/General_anaesthesia","Long-haul flights have significant DVT risk, especially for those with risk factors.","https://en.wikipedia.org/wiki/Economy_class_syndrome"
"General anaesthesia (elective)","COVID-19 bivalent booster (age 65-79)",3,"COVID-19",0,"11 weeks (2022)",2,"Medical",0,"per event",1.5,"hard","a","Bivalent-boosted 65-79 year-olds had lowest but still measurable COVID-19 risk.","https://www.cdc.gov/mmwr/volumes/72/wr/mm7206a3.htm","Elective anaesthesia mortality varies ~100-fold by age: ~0.5 mm for under-60s to ~50 mm for 80+ (Lancet). Emergency anaesthesia is ~10 mm across all ages.","https://doi.org/10.1016/S0140-6736(02)11626-6"
"General anaesthesia (elective)","Commercial fishing (per work day)",3,"Occupation",0,"per day",2,"Medical",0,"per event",1.5,"hard","a","Extreme weather, vessel sinking, and deck machinery make fishing one of the deadliest occupations.","https://www.bls.gov/iif/fatal-injuries-tables.htm","Elective anaesthesia mortality varies ~100-fold by age: ~0.5 mm for under-60s to ~50 mm for 80+ (Lancet). Emergency anaesthesia is ~10 mm across all ages.","https://doi.org/10.1016/S0140-6736(02)11626-6"
"General anaesthesia (elective)","Rock climbing (per day)",3,"Sport",0,"per day",2,"Medical",0,"per event",1.5,"hard","a","Risk from falls, rockfall, and equipment failure on natural rock. Per full day of climbing.","https://en.wikipedia.org/wiki/Rock_climbing","Elective anaesthesia mortality varies ~100-fold by age: ~0.5 mm for under-60s to ~50 mm for 80+ (Lancet). Emergency anaesthesia is ~10 mm across all ages.","https://doi.org/10.1016/S0140-6736(02)11626-6"
"General anesthesia (emergency)","Living (one day, under age 1)",15,"Daily Life",0,"per day",10,"Medical",0,"per event",1.5,"hard","a","Infant mortality from congenital conditions, SIDS, and birth complications.","https://en.wikipedia.org/wiki/Infant_mortality","Emergency anesthesia carries higher risk than elective due to patient instability.","https://en.wikipedia.org/wiki/General_anaesthesia"
"Heroin use (per dose)","Living in NYC COVID-19 (Mar-May 2020)",50,"COVID-19",0,"per 8 weeks",30,"Drugs",0,"per dose",1.66666666666667,"hard","a","New York City experienced extreme COVID-19 mortality during the initial wave.","https://en.wikipedia.org/wiki/COVID-19_pandemic_in_New_York_City","Each dose carries risk of respiratory depression, overdose, and contaminated supply.","https://en.wikipedia.org/wiki/Heroin"
"Living (one day, age 45)","General anesthesia (emergency)",10,"Medical",0,"per event",6,"Daily Life",0,"per day",1.66666666666667,"hard","a","Emergency anesthesia carries higher risk than elective due to patient instability.","https://en.wikipedia.org/wiki/General_anaesthesia","Daily background mortality at age 45 reflects middle-age cardiovascular and cancer risk.","https://en.wikipedia.org/wiki/Mortality_rate"
"Living (one day, age 45)","COVID-19 monovalent vaccine (age 65-79)",9,"COVID-19",0,"11 weeks (2022)",6,"Daily Life",0,"per day",1.5,"hard","a","Monovalent-vaccinated 65-79 year-olds had reduced but still notable COVID-19 risk.","https://www.cdc.gov/mmwr/volumes/72/wr/mm7206a3.htm","Daily background mortality at age 45 reflects middle-age cardiovascular and cancer risk.","https://en.wikipedia.org/wiki/Mortality_rate"
"Living (one day, age 75)","Caesarean birth (mother)",170,"Medical",0,"per event",105,"Daily Life",0,"per day",1.61904761904762,"hard","a","Major abdominal surgery carrying risks of hemorrhage, infection, and anesthesia complications.","https://en.wikipedia.org/wiki/Caesarean_section","Daily background mortality at age 75 is roughly 100x that of a 20-year-old.","https://en.wikipedia.org/wiki/Mortality_rate"
"Living (one day, age 75)","Scuba diving, trained (yearly)",164,"Sport",0,"per year",105,"Daily Life",0,"per day",1.56190476190476,"hard","a","Cumulative annual risk for trained divers from decompression sickness, drowning, and equipment failure.","https://en.wikipedia.org/wiki/Scuba_diving","Daily background mortality at age 75 is roughly 100x that of a 20-year-old.","https://en.wikipedia.org/wiki/Mortality_rate"
"Living in NYC COVID-19 (Mar-May 2020)","Night in hospital",75,"Medical",0,"per night",50,"COVID-19",0,"per 8 weeks",1.5,"hard","a","Hospital stays carry risk from medical errors, hospital-acquired infections, and underlying illness severity.","https://en.wikipedia.org/wiki/Hospital-acquired_infection","New York City experienced extreme COVID-19 mortality during the initial wave.","https://en.wikipedia.org/wiki/COVID-19_pandemic_in_New_York_City"
"Logging (per work day)","Scuba diving, trained (per dive)",5,"Sport",0,"per dive",3.3,"Occupation",0,"per day",1.51515151515152,"hard","a","Single-dive risk for trained divers from decompression sickness and equipment failure.","https://en.wikipedia.org/wiki/Scuba_diving","Highest US occupational fatality rate; hazards include falling trees, chainsaw injuries, and terrain.","https://www.bls.gov/iif/fatal-injuries-tables.htm"
"Logging (per work day)","Coronary angiogram (radiation per scan)",5,"Medical",0,"per event",3.3,"Occupation",0,"per day",1.51515151515152,"hard","a","Moderate radiation dose from fluoroscopy-guided cardiac catheterisation.","https://en.wikipedia.org/wiki/Coronary_catheterization","Highest US occupational fatality rate; hazards include falling trees, chainsaw injuries, and terrain.","https://www.bls.gov/iif/fatal-injuries-tables.htm"
"Motorcycling (60 miles)","Living (one day, under age 1)",15,"Daily Life",0,"per day",10,"Travel",0,"per trip",1.5,"hard","a","Infant mortality from congenital conditions, SIDS, and birth complications.","https://en.wikipedia.org/wiki/Infant_mortality","Per-mile fatality rate roughly 30x higher than car travel due to exposure and instability.","https://en.wikipedia.org/wiki/Motorcycle_safety"
"Normal background radiation","COVID-19 unvaccinated (age 80+)",234,"COVID-19",0,"11 weeks (2022)",155.5,"Environment",0,"per year",1.5048231511254,"hard","a","Unvaccinated elderly face the highest COVID-19 mortality rates.","https://www.cdc.gov/mmwr/volumes/72/wr/mm7206a3.htm","Average annual radiation dose from natural sources (radon, cosmic, internal, terrestrial).","https://en.wikipedia.org/wiki/Background_radiation"
"Normal background radiation","CT scan head (radiation per scan)",100,"Medical",0,"per event",155.5,"Environment",0,"per year",1.555,"hard","b","Low-moderate radiation dose (~2 mSv) for neurological imaging.","https://en.wikipedia.org/wiki/CT_scan","Average annual radiation dose from natural sources (radon, cosmic, internal, terrestrial).","https://en.wikipedia.org/wiki/Background_radiation"
"Roofing (per work day)","Barium enema (radiation per scan)",3,"Medical",0,"per event",1.9,"Occupation",0,"per day",1.57894736842105,"hard","a","Moderate radiation dose from fluoroscopic imaging of the large intestine.","https://en.wikipedia.org/wiki/Barium_enema","Falls from height are the primary cause of roofing fatalities.","https://www.bls.gov/iif/fatal-injuries-tables.htm"
"Roofing (per work day)","COVID-19 bivalent booster (age 65-79)",3,"COVID-19",0,"11 weeks (2022)",1.9,"Occupation",0,"per day",1.57894736842105,"hard","a","Bivalent-boosted 65-79 year-olds had lowest but still measurable COVID-19 risk.","https://www.cdc.gov/mmwr/volumes/72/wr/mm7206a3.htm","Falls from height are the primary cause of roofing fatalities.","https://www.bls.gov/iif/fatal-injuries-tables.htm"
"Roofing (per work day)","Rock climbing (per day)",3,"Sport",0,"per day",1.9,"Occupation",0,"per day",1.57894736842105,"hard","a","Risk from falls, rockfall, and equipment failure on natural rock. Per full day of climbing.","https://en.wikipedia.org/wiki/Rock_climbing","Falls from height are the primary cause of roofing fatalities.","https://www.bls.gov/iif/fatal-injuries-tables.htm"
"Scuba diving, trained (per dive)","COVID-19 unvaccinated (age 50-64)",8,"COVID-19",0,"11 weeks (2022)",5,"Sport",0,"per dive",1.6,"hard","a","Unvaccinated 50-64 year-olds had moderately elevated COVID-19 mortality.","https://www.cdc.gov/mmwr/volumes/72/wr/mm7206a3.htm","Single-dive risk for trained divers from decompression sickness and equipment failure.","https://en.wikipedia.org/wiki/Scuba_diving"
"Shark encounter (ocean swim)","Walking (1 trip, NYC)",0.09,"Travel",0,"per trip",0.06,"Wildlife",100,"per swim",1.5,"hard","a","Average pedestrian fatality risk per walking trip in New York City (~110 deaths/year, 41% of trips on foot). Outer boroughs have higher per-pedestrian risk than Times Square.","https://www.nature.com/articles/s44284-025-00383-y","Shark attack fatality risk per ocean swim, based on ISAF incident data.","https://www.floridamuseum.ufl.edu/shark-attacks/"
"Shark encounter (ocean swim)","Business traveller (annual cosmic)",0.0375,"Travel",0,"per year",0.06,"Wildlife",100,"per swim",1.6,"hard","b","Moderate annual cosmic radiation from ~40,000 miles of flying per year.","https://en.wikipedia.org/wiki/Cosmic_ray","Shark attack fatality risk per ocean swim, based on ISAF incident data.","https://www.floridamuseum.ufl.edu/shark-attacks/"
"Skydiving (per jump)","Living (one day, under age 1)",15,"Daily Life",0,"per day",10,"Sport",0,"per jump",1.5,"hard","a","Infant mortality from congenital conditions, SIDS, and birth complications.","https://en.wikipedia.org/wiki/Infant_mortality","Risk from parachute malfunction, mid-air collision, and landing errors.","https://en.wikipedia.org/wiki/Skydiving"
"Skydiving (US)","Ecstasy/MDMA (per dose)",13,"Drugs",0,"per dose",8,"Sport",0,"per event",1.625,"hard","a","Risk from hyperthermia, serotonin syndrome, and contaminated supply.","https://en.wikipedia.org/wiki/MDMA","US skydiving fatality rate based on USPA incident reports.","https://en.wikipedia.org/wiki/Skydiving"
"Structural iron/steel work (per work day)","Living 2 months with a smoker",1,"Environment",0,"per 2 months",1.5,"Occupation",0,"per day",1.5,"hard","b","Secondhand smoke exposure increases cardiovascular and respiratory disease risk.","https://en.wikipedia.org/wiki/Passive_smoking","Working at height on building frames with fall and struck-by hazards.","https://www.bls.gov/iif/fatal-injuries-tables.htm"
"Structural iron/steel work (per work day)","COVID-19 unvaccinated (age 18-49)",1,"COVID-19",0,"11 weeks (2022)",1.5,"Occupation",0,"per day",1.5,"hard","b","Young adult unvaccinated COVID-19 mortality was low but non-negligible.","https://www.cdc.gov/mmwr/volumes/72/wr/mm7206a3.htm","Working at height on building frames with fall and struck-by hazards.","https://www.bls.gov/iif/fatal-injuries-tables.htm"
"Structural iron/steel work (per work day)","Walking (20 miles)",1,"Travel",0,"per trip",1.5,"Occupation",0,"per day",1.5,"hard","b","Pedestrian fatality risk from traffic collisions over a 20-mile walk.","https://en.wikipedia.org/wiki/Pedestrian","Working at height on building frames with fall and struck-by hazards.","https://www.bls.gov/iif/fatal-injuries-tables.htm"
"Swimming","COVID-19 unvaccinated (all ages)",20,"COVID-19",0,"11 weeks (2022)",12,"Sport",0,"per swim",1.66666666666667,"hard","a","Population-average COVID-19 mortality risk for unvaccinated individuals in 2022.","https://www.cdc.gov/mmwr/volumes/72/wr/mm7206a3.htm","Drowning risk per swim session, higher for open water and unsupervised settings.","https://en.wikipedia.org/wiki/Drowning"
